Workbook

Sheet automobile_dataset
A1: Make | B1: Model | C1: Year | D1: Fuel_Type | E1: Transmission | F1: Engine_Size | G1: Mileage | H1: Horsepower | I1: Torque | J1: Owners | K1: Accident_History | L1: Service_History | M1: Color | N1: Body_Type | O1: Drivetrain | P1: Fuel_Efficiency | Q1: Location | R1: Selling_Price
A2: Mercedes-Benz | B2: GLE | C2: 2024 | D2: Petrol | E2: Automatic | F2: 2.3 | G2: 100 | H2: 186 | I2: 196 | J2: 1 | K2: 0 | M2: Silver | N2: SUV | O2: AWD | P2: 30 | Q2: IL | R2: 64140
A3: Hyundai | B3: Tucson | C3: 2008 | D3: Petrol | E3: Automatic | F3: 2.3 | G3: 387035 | H3: 189 | I3: 190 | J3: 4 | K3: 0 | M3: Blue | N3: SUV | O3: FWD | P3: 35 | Q3: FL | R3: 500
A4: Volkswagen | B4: Golf | C4: 2021 | D4: Hybrid | F4: 1.9 | G4: 46054 | H4: 158 | I4: 153 | J4: 1 | K4: 0 | L4: Partial Service | M4: Gray | N4: Hatchback | O4: AWD | P4: 43 | Q4: NY | R4: 16429
A5: Chevrolet | B5: Tahoe | C5: 2005 | D5: Petrol | F5: 2.2 | G5: 141302 | H5: 169 | I5: 165 | J5: 5 | K5: 1 | L5: No Service | M5: Blue | N5: SUV | O5: AWD | Q5: FL | R5: 2199
A6: Toyota | B6: Camry | C6: 2022 | D6: Petrol | E6: Automatic | F6: 1.9 | G6: 32813 | H6: 149 | I6: 141 | J6: 1 | K6: 0 | L6: Full Service | M6: Brown | N6: Sedan | O6: FWD | P6: 38 | Q6: CA | R6: 21792
A7: Chevrolet | B7: Equinox | C7: 2008 | D7: Petrol | F7: 2.7 | G7: 60654 | H7: 212 | I7: 207 | J7: 3 | K7: 0 | M7: Blue | N7: SUV | O7: AWD | P7: 25 | Q7: TX | R7: 3421
A8: Nissan | B8: Sentra | C8: 2022 | D8: Petrol | E8: Automatic | F8: 2.2 | G8: 7444 | I8: 180 | J8: 1 | K8: 0 | L8: Full Service | M8: Gray | N8: Sedan | O8: AWD | P8: 34 | Q8: IL | R8: 17145
A9: Mercedes-Benz | B9: C-Class | C9: 2022 | D9: Petrol | E9: Automatic | F9: 2.3 | G9: 32133 | H9: 180 | I9: 162 | J9: 1 | K9: 0 | L9: Partial Service | M9: Green | N9: Sedan | O9: FWD | P9: 35 | Q9: NY | R9: 31416
A10: BMW | B10: X3 | C10: 2023 | D10: Petrol | E10: Automatic | G10: 1553 | H10: 203 | I10: 179 | J10: 1 | K10: 0 | L10: Full Service | N10: SUV | O10: AWD | P10: 25 | Q10: FL | R10: 43914
A11: Honda | B11: Pilot | C11: 2020 | D11: Hybrid | E11: Automatic | F11: 2.1 | G11: 12494 | H11: 178 | I11: 168 | J11: 1 | L11: No Service | M11: Blue | N11: SUV | O11: FWD | P11: 44 | Q11: NC | R11: 22311
A12: Hyundai | B12: Santa Fe | C12: 2014 | D12: Petrol | E12: Automatic | G12: 176790 | H12: 178 | I12: 167 | J12: 2 | K12: 0 | M12: Red | N12: SUV | O12: RWD | P12: 33 | Q12: NY | R12: 4926
A13: Volkswagen | B13: Passat | C13: 2010 | D13: Petrol | E13: Automatic | F13: 2.3 | G13: 147198 | I13: 155 | J13: 3 | K13: 0 | L13: Partial Service | N13: Sedan | O13: FWD | Q13: NC | R13: 1022
A14: Toyota | B14: RAV4 | C14: 2019 | D14: Diesel | F14: 3.1 | G14: 66811 | H14: 233 | I14: 211 | J14: 1 | K14: 0 | L14: Partial Service | M14: Brown | N14: SUV | O14: AWD | P14: 25 | Q14: OH | R14: 14479
A15: BMW | B15: X3 | C15: 2024 | D15: Electric | F15: 0 | G15: 4423 | I15: 385 | J15: 1 | K15: 0 | M15: Red | N15: SUV | O15: AWD | P15: 130 | Q15: IL | R15: 49703
A16: Mercedes-Benz | B16: GLC | C16: 2009 | D16: Petrol | E16: Automatic | F16: 3.1 | G16: 163109 | H16: 227 | J16: 4 | K16: 0 | L16: Full Service | M16: Gray | N16: SUV | O16: AWD | P16: 26 | Q16: CA | R16: 5235
A17: Mercedes-Benz | B17: C-Class | C17: 2010 | D17: Petrol | E17: Manual | F17: 2 | G17: 17138 | H17: 169 | I17: 160 | J17: 3 | K17: 0 | L17: Partial Service | M17: Blue | N17: Sedan | O17: FWD | P17: 27 | Q17: NC | R17: 11728
A18: Hyundai | B18: Sonata | C18: 2020 | D18: Petrol | E18: Automatic | F18: 2.4 | G18: 61462 | H18: 179 | I18: 170 | J18: 2 | K18: 0 | L18: Partial Service | M18: Brown | N18: Sedan | O18: FWD | Q18: CA | R18: 13555
A19: Chevrolet | B19: Tahoe | C19: 2011 | D19: Petrol | E19: Automatic | F19: 3.3 | G19: 264441 | H19: 258 | I19: 252 | J19: 4 | K19: 0 | L19: Partial Service | M19: Gray | N19: SUV | O19: AWD | P19: 22 | Q19: TX | R19: 3395
A20: Honda | B20: CR-V | C20: 2024 | D20: Petrol | F20: 3.4 | G20: 100 | H20: 271 | I20: 260 | J20: 1 | K20: 0 | L20: No Service | M20: Red | N20: SUV | O20: AWD | P20: 22 | R20: 24018
A21: Mercedes-Benz | B21: E-Class | C21: 2016 | D21: Petrol | E21: Automatic | G21: 53789 | H21: 172 | I21: 158 | J21: 1 | K21: 0 | L21: No Service | N21: Sedan | O21: AWD | P21: 29 | Q21: CA | R21: 23787
A22: BMW | B22: 3 Series | C22: 2015 | D22: Diesel | E22: Automatic | G22: 173833 | H22: 116 | I22: 116 | J22: 2 | K22: 1 | M22: Black | N22: Sedan | O22: FWD | P22: 35 | Q22: NC | R22: 10558
A23: Audi | B23: Q7 | C23: 2016 | D23: Petrol | E23: Automatic | F23: 3.1 | G23: 111537 | H23: 243 | I23: 219 | J23: 2 | K23: 0 | L23: Partial Service | M23: Blue | N23: SUV | O23: AWD | P23: 21 | Q23: FL | R23: 23314
A24: Honda | B24: Civic | C24: 2008 | D24: Petrol | E24: Automatic | F24: 1.9 | G24: 99945 | H24: 148 | J24: 3 | K24: 1 | L24: No Service | M24: Black | N24: Sedan | O24: FWD | P24: 33 | Q24: PA | R24: 500
A25: BMW | B25: X5 | C25: 2021 | D25: Diesel | E25: Automatic | F25: 2.6 | G25: 49540 | H25: 213 | I25: 207 | J25: 1 | K25: 0 | L25: Partial Service | N25: SUV | O25: FWD | Q25: TX | R25: 44947
A26: Honda | B26: Accord | C26: 2021 | D26: Petrol | E26: Automatic | F26: 1.7 | G26: 60744 | H26: 137 | I26: 147 | J26: 1 | K26: 0 | L26: Full Service | M26: Blue | N26: Sedan | O26: FWD | Q26: FL | R26: 16814
A27: BMW | B27: 5 Series | C27: 2018 | D27: Petrol | E27: Automatic | F27: 2 | G27: 42807 | H27: 154 | I27: 148 | J27: 2 | L27: No Service | M27: Green | N27: Sedan | O27: FWD | P27: 41 | Q27: NC | R27: 31593
A28: BMW | B28: X5 | C28: 2013 | D28: Diesel | E28: Automatic | F28: 2.3 | G28: 261604 | H28: 181 | I28: 183 | J28: 2 | K28: 0 | L28: Full Service | M28: Silver | N28: SUV | O28: RWD | Q28: FL | R28: 11240
A29: Hyundai | B29: Sonata | C29: 2007 | D29: Petrol | E29: Manual | F29: 2.3 | G29: 188958 | H29: 170 | I29: 154 | J29: 2 | K29: 1 | L29: No Service | M29: Black | N29: Sedan | O29: FWD | P29: 32 | Q29: PA | R29: 500
A30: Ford | B30: Mustang | C30: 2010 | D30: Diesel | E30: Automatic | F30: 3.1 | G30: 34292 | H30: 245 | I30: 238 | J30: 3 | K30: 1 | L30: Partial Service | M30: Brown | N30: Coupe | O30: RWD | P30: 23 | Q30: FL | R30: 5739
A31: Ford | B31: F-150 | C31: 2018 | D31: Petrol | E31: Automatic | F31: 4.6 | G31: 86124 | H31: 334 | I31: 317 | J31: 1 | K31: 0 | L31: No Service | N31: Truck | O31: RWD | P31: 15 | Q31: IL | R31: 13537
A32: Volkswagen | B32: Tiguan | C32: 2005 | D32: Petrol | E32: Automatic | F32: 2.4 | G32: 292861 | H32: 178 | I32: 177 | J32: 3 | K32: 1 | L32: No Service | M32: Green | N32: SUV | O32: AWD | P32: 31 | R32: 500
A33: Toyota | B33: Camry | C33: 2021 | D33: Hybrid | E33: Automatic | F33: 2.5 | G33: 38991 | H33: 205 | I33: 207 | J33: 1 | K33: 0 | L33: Full Service | M33: Green | N33: Sedan | O33: AWD | P33: 43 | Q33: TX | R33: 18533
A34: Chevrolet | B34: Silverado | C34: 2006 | D34: Petrol | E34: Automatic | G34: 342829 | H34: 399 | I34: 369 | J34: 5 | K34: 0 | L34: Full Service | M34: Green | N34: Truck | O34: RWD | P34: 10 | Q34: NY | R34: 500
A35: Hyundai | B35: Santa Fe | C35: 2009 | D35: Petrol | E35: Automatic | F35: 3.2 | G35: 159873 | H35: 239 | I35: 219 | J35: 4 | K35: 1 | L35: No Service | M35: Brown | N35: SUV | O35: RWD | P35: 31 | Q35: NY | R35: 857
A36: Audi | B36: Q5 | C36: 2019 | D36: Petrol | E36: Automatic | F36: 2.7 | G36: 104624 | H36: 215 | I36: 187 | J36: 1 | L36: Full Service | M36: Green | N36: SUV | O36: AWD | P36: 26 | Q36: GA | R36: 23357
A37: Chevrolet | B37: Malibu | C37: 2018 | D37: Hybrid | E37: Automatic | F37: 1.8 | G37: 109872 | H37: 147 | I37: 143 | J37: 1 | K37: 0 | L37: No Service | M37: Gray | N37: Sedan | O37: FWD | P37: 35 | Q37: PA | R37: 7461
A38: BMW | B38: X3 | C38: 2022 | D38: Petrol | E38: Automatic | G38: 24031 | H38: 240 | I38: 220 | J38: 1 | K38: 0 | L38: No Service | N38: SUV | O38: AWD | P38: 27 | Q38: IL | R38: 33176
A39: Toyota | B39: Camry | C39: 2006 | D39: Petrol | E39: Manual | F39: 1.9 | G39: 26737 | H39: 164 | I39: 166 | J39: 4 | K39: 1 | L39: No Service | M39: Silver | N39: Sedan | O39: FWD | P39: 38 | Q39: OH | R39: 3239
A40: Toyota | B40: RAV4 | C40: 2010 | D40: Petrol | E40: Automatic | G40: 96089 | H40: 209 | I40: 194 | J40: 3 | K40: 1 | L40: Full Service | M40: Gray | N40: SUV | O40: AWD | P40: 34 | Q40: OH | R40: 3400
A41: Audi | B41: A4 | C41: 2021 | D41: Petrol | E41: Automatic | G41: 34375 | H41: 201 | I41: 181 | J41: 1 | K41: 0 | M41: Gray | N41: Sedan | O41: FWD | P41: 30 | Q41: IL | R41: 31213
A42: Chevrolet | B42: Malibu | C42: 2013 | D42: Petrol | E42: Automatic | F42: 1.6 | G42: 144687 | H42: 149 | I42: 133 | J42: 3 | K42: 0 | L42: Partial Service | N42: Sedan | O42: FWD | P42: 34 | Q42: MI | R42: 1931
A43: Honda | B43: Pilot | C43: 2013 | D43: Petrol | E43: Automatic | F43: 3.4 | G43: 146551 | H43: 274 | I43: 253 | J43: 5 | K43: 1 | L43: Full Service | N43: SUV | O43: AWD | P43: 21 | Q43: NC | R43: 5707
A44: Nissan | B44: Rogue | C44: 2005 | D44: Petrol | E44: Automatic | F44: 2.5 | G44: 143335 | H44: 207 | I44: 200 | J44: 5 | K44: 1 | L44: Partial Service | M44: Green | N44: SUV | O44: AWD | P44: 35 | Q44: TX | R44: 500
A45: Chevrolet | B45: Equinox | C45: 2013 | D45: Petrol | E45: Automatic | F45: 3.1 | G45: 87357 | H45: 250 | I45: 233 | J45: 3 | K45: 1 | L45: Partial Service | M45: Green | N45: SUV | O45: FWD | P45: 27 | Q45: TX | R45: 4880
A46: Honda | B46: Civic | C46: 2020 | D46: Petrol | E46: Automatic | F46: 1.9 | G46: 39421 | H46: 154 | I46: 152 | J46: 1 | K46: 0 | L46: Partial Service | M46: Black | N46: Sedan | O46: AWD | Q46: NC | R46: 12299
A47: Audi | B47: Q7 | C47: 2014 | D47: Petrol | E47: Automatic | F47: 3.4 | G47: 103494 | I47: 255 | J47: 3 | K47: 0 | L47: Full Service | M47: Gray | N47: SUV | O47: AWD | P47: 25 | Q47: TX | R47: 20789
A48: Honda | B48: Pilot | C48: 2010 | D48: Petrol | E48: Manual | F48: 2.2 | G48: 6131 | I48: 145 | J48: 3 | K48: 1 | L48: Partial Service | M48: Silver | N48: SUV | O48: AWD | R48: 9249
A49: Nissan | B49: Pathfinder | C49: 2016 | D49: Petrol | E49: Automatic | G49: 138988 | H49: 184 | I49: 188 | J49: 2 | K49: 0 | L49: Full Service | M49: White | N49: SUV | O49: FWD | P49: 33 | R49: 10508
A50: Ford | B50: F-150 | C50: 2014 | D50: Petrol | E50: Automatic | F50: 3.8 | G50: 101081 | H50: 292 | I50: 264 | J50: 3 | K50: 0 | L50: Full Service | M50: Silver | N50: Truck | O50: 4WD | Q50: PA | R50: 9043
A51: Honda | B51: CR-V | C51: 2008 | D51: Petrol | E51: Automatic | G51: 145286 | H51: 166 | I51: 165 | J51: 4 | K51: 0 | L51: Partial Service | M51: Blue | N51: SUV | O51: AWD | P51: 31 | Q51: NY | R51: 500
A52: Volkswagen | B52: Tiguan | C52: 2009 | D52: Petrol | E52: Automatic | F52: 3.4 | G52: 136001 | I52: 228 | J52: 3 | K52: 1 | L52: Full Service | M52: Brown | N52: SUV | O52: FWD | P52: 21 | Q52: CA | R52: 1041
A53: Volkswagen | B53: Passat | C53: 2011 | D53: Petrol | E53: Automatic | F53: 1.7 | G53: 151656 | H53: 124 | I53: 116 | J53: 3 | K53: 1 | M53: Gray | N53: Sedan | O53: AWD | P53: 45 | Q53: CA | R53: 1133
A54: Mercedes-Benz | B54: C-Class | C54: 2015 | D54: Petrol | E54: Automatic | F54: 2 | G54: 131029 | H54: 170 | I54: 173 | J54: 4 | K54: 1 | L54: Full Service | M54: Black | N54: Sedan | O54: FWD | Q54: TX | R54: 11584
A55: Toyota | B55: Corolla | C55: 2023 | D55: Petrol | F55: 1.4 | G55: 21702 | H55: 127 | I55: 113 | J55: 1 | K55: 0 | L55: Partial Service | M55: Black | N55: Sedan | O55: FWD | P55: 37 | Q55: CA | R55: 17782
A56: Volkswagen | B56: Golf | C56: 2020 | D56: Diesel | E56: Automatic | F56: 2.5 | G56: 75581 | H56: 202 | I56: 198 | J56: 1 | K56: 0 | L56: Full Service | M56: White | N56: Hatchback | O56: AWD | P56: 27 | Q56: IL | R56: 13548
A57: Volkswagen | B57: Tiguan | C57: 2016 | D57: Petrol | F57: 2.6 | G57: 99139 | H57: 185 | I57: 182 | J57: 2 | K57: 0 | L57: Full Service | N57: SUV | O57: AWD | P57: 32 | Q57: CA | R57: 9962
A58: Audi | B58: A6 | C58: 2016 | D58: Petrol | E58: Automatic | F58: 1.8 | G58: 88131 | H58: 146 | I58: 142 | J58: 1 | K58: 0 | L58: Partial Service | M58: Silver | N58: Sedan | O58: FWD | P58: 37 | Q58: PA | R58: 21730
A59: Honda | B59: Pilot | C59: 2016 | D59: Diesel | E59: Automatic | F59: 3 | G59: 67402 | I59: 214 | J59: 2 | L59: Full Service | M59: Red | N59: SUV | O59: AWD | P59: 29 | Q59: PA | R59: 14851
A60: Nissan | B60: Pathfinder | C60: 2010 | D60: Petrol | E60: Automatic | F60: 3.3 | G60: 189935 | H60: 260 | I60: 249 | J60: 3 | K60: 0 | M60: Silver | N60: SUV | O60: AWD | P60: 25 | Q60: PA | R60: 1099
A61: Ford | B61: Mustang | C61: 2007 | D61: Petrol | E61: Manual | G61: 259008 | H61: 298 | I61: 297 | J61: 4 | K61: 0 | L61: Partial Service | N61: Coupe | O61: RWD | P61: 18 | Q61: PA | R61: 500
A62: Hyundai | B62: Santa Fe | C62: 2005 | D62: Petrol | F62: 3.2 | G62: 139460 | H62: 225 | I62: 202 | J62: 3 | K62: 0 | L62: No Service | M62: Gray | N62: SUV | O62: RWD | P62: 23 | Q62: IL | R62: 500
A63: Volkswagen | B63: Tiguan | C63: 2018 | D63: Hybrid | E63: Automatic | F63: 3.2 | G63: 140050 | H63: 232 | J63: 1 | K63: 0 | L63: Partial Service | M63: Silver | N63: SUV | O63: AWD | P63: 37 | Q63: GA | R63: 10659
A64: Volkswagen | B64: Passat | C64: 2021 | D64: Petrol | E64: Automatic | F64: 2.2 | G64: 40037 | H64: 166 | I64: 184 | J64: 1 | K64: 0 | L64: Full Service | M64: Brown | N64: Sedan | O64: FWD | P64: 28 | Q64: PA | R64: 20629
A65: Chevrolet | B65: Silverado | C65: 2008 | D65: Petrol | E65: Automatic | F65: 3.3 | G65: 27272 | J65: 3 | K65: 0 | L65: No Service | M65: Silver | N65: Truck | O65: RWD | P65: 29 | Q65: MI | R65: 7078
A66: Hyundai | B66: Tucson | C66: 2023 | D66: Petrol | E66: Automatic | F66: 3.3 | G66: 7872 | H66: 259 | I66: 238 | J66: 1 | K66: 0 | L66: Partial Service | M66: Blue | N66: SUV | O66: AWD | P66: 27 | Q66: IL | R66: 24584
A67: Audi | B67: A6 | C67: 2013 | D67: Diesel | E67: Automatic | F67: 2.3 | G67: 119978 | I67: 167 | J67: 2 | K67: 1 | L67: Partial Service | N67: Sedan | O67: FWD | P67: 29 | Q67: MI | R67: 7128
A68: Ford | B68: Escape | C68: 2021 | D68: Petrol | E68: Automatic | F68: 2.3 | G68: 35768 | H68: 182 | I68: 176 | J68: 1 | K68: 0 | L68: No Service | M68: Black | N68: SUV | O68: AWD | Q68: GA | R68: 17115
A69: Mercedes-Benz | B69: C-Class | C69: 2008 | D69: Petrol | E69: Automatic | F69: 2.2 | G69: 194102 | I69: 180 | J69: 5 | K69: 1 | M69: Black | N69: Sedan | O69: FWD | P69: 29 | Q69: OH | R69: 1363
A70: BMW | B70: X3 | C70: 2014 | D70: Petrol | E70: Automatic | F70: 3.3 | G70: 19289 | H70: 264 | I70: 254 | J70: 3 | K70: 0 | L70: Partial Service | M70: Green | N70: SUV | O70: AWD | P70: 27 | Q70: TX | R70: 17912
A71: Volkswagen | B71: Atlas | C71: 2013 | D71: Petrol | E71: Automatic | F71: 2.7 | G71: 153835 | H71: 203 | I71: 197 | J71: 2 | K71: 0 | L71: No Service | M71: Black | N71: SUV | O71: AWD | P71: 26 | R71: 5119
A72: Nissan | B72: Rogue | C72: 2006 | D72: Petrol | E72: Manual | F72: 3.2 | G72: 165946 | H72: 253 | I72: 257 | J72: 4 | K72: 1 | L72: Full Service | M72: Blue | N72: SUV | O72: AWD | Q72: CA | R72: 500
A73: Mercedes-Benz | B73: C-Class | C73: 2005 | D73: Petrol | E73: Automatic | F73: 2.4 | G73: 11796 | H73: 197 | I73: 183 | J73: 5 | L73: Full Service | M73: White | N73: Sedan | O73: AWD | P73: 33 | Q73: MI | R73: 6976
A74: Toyota | B74: Camry | C74: 2010 | D74: Petrol | E74: Manual | G74: 164444 | H74: 114 | I74: 99 | J74: 4 | K74: 1 | L74: Partial Service | N74: Sedan | O74: FWD | P74: 43 | Q74: GA | R74: 500
A75: Volkswagen | B75: Atlas | C75: 2023 | D75: Petrol | E75: Automatic | G75: 100 | H75: 262 | I75: 246 | J75: 1 | K75: 0 | M75: Black | N75: SUV | O75: FWD | R75: 31199
A76: Nissan | B76: Rogue | C76: 2024 | D76: Petrol | E76: Automatic | F76: 3 | G76: 100 | H76: 238 | I76: 200 | J76: 1 | K76: 0 | L76: Full Service | M76: Gray | N76: SUV | O76: AWD | P76: 27 | Q76: TX | R76: 27785
A77: Audi | B77: Q7 | C77: 2013 | D77: Petrol | E77: Automatic | F77: 2.4 | G77: 94209 | I77: 187 | J77: 2 | K77: 1 | L77: Partial Service | M77: White | N77: SUV | O77: AWD | P77: 31 | Q77: MI | R77: 15829
A78: Ford | B78: Escape | C78: 2020 | D78: Diesel | F78: 3.3 | G78: 51249 | H78: 235 | I78: 212 | J78: 2 | K78: 0 | L78: Full Service | M78: Black | N78: SUV | O78: AWD | P78: 29 | R78: 15122
A79: Hyundai | B79: Santa Fe | C79: 2009 | D79: Petrol | E79: Automatic | F79: 2.8 | G79: 104700 | I79: 189 | J79: 4 | K79: 1 | L79: No Service | M79: Blue | N79: SUV | O79: AWD | P79: 32 | Q79: PA | R79: 2775
A80: Hyundai | B80: Tucson | C80: 2014 | D80: Diesel | G80: 109849 | I80: 225 | J80: 2 | K80: 0 | L80: Partial Service | M80: Black | N80: SUV | O80: AWD | Q80: MI | R80: 5469
A81: Volkswagen | B81: Golf | C81: 2006 | D81: Petrol | E81: Manual | F81: 1.6 | G81: 130231 | H81: 140 | I81: 137 | J81: 3 | K81: 1 | L81: Full Service | M81: Blue | N81: Hatchback | O81: FWD | Q81: CA | R81: 500
A82: Nissan | B82: Altima | C82: 2023 | D82: Hybrid | E82: Automatic | F82: 1.8 | G82: 9898 | H82: 159 | I82: 158 | J82: 1 | L82: No Service | M82: Silver | N82: Sedan | O82: AWD | P82: 47 | R82: 17647
A83: Audi | B83: A6 | C83: 2020 | D83: Petrol | E83: Automatic | F83: 1.5 | G83: 33019 | H83: 123 | J83: 2 | M83: White | N83: Sedan | O83: AWD | P83: 39 | Q83: IL | R83: 37348
A84: Honda | B84: Civic | C84: 2022 | D84: Diesel | E84: Automatic | F84: 1.7 | G84: 38807 | J84: 1 | K84: 0 | L84: Partial Service | M84: Blue | N84: Sedan | O84: FWD | Q84: OH | R84: 16623
A85: Hyundai | B85: Elantra | C85: 2009 | D85: Petrol | E85: Automatic | F85: 1.8 | G85: 280536 | H85: 137 | I85: 163 | J85: 3 | K85: 0 | L85: Partial Service | M85: Gray | N85: Sedan | O85: FWD | Q85: NC | R85: 500
A86: Volkswagen | B86: Golf | C86: 2011 | D86: Petrol | E86: Automatic | F86: 1.5 | G86: 166434 | H86: 105 | I86: 94 | J86: 2 | K86: 0 | L86: No Service | M86: Black | N86: Hatchback | O86: FWD | P86: 38 | Q86: CA | R86: 500
A87: Ford | B87: Explorer | C87: 2010 | D87: Petrol | E87: Automatic | F87: 3 | G87: 215602 | H87: 228 | I87: 222 | J87: 2 | K87: 1 | L87: Full Service | M87: Black | N87: SUV | O87: AWD | P87: 34 | Q87: TX | R87: 500
A88: Hyundai | B88: Sonata | C88: 2008 | D88: Petrol | G88: 197898 | I88: 133 | J88: 3 | K88: 0 | L88: Partial Service | M88: White | N88: Sedan | O88: AWD | R88: 500
A89: Ford | B89: Escape | C89: 2011 | D89: Petrol | E89: Manual | G89: 179603 | H89: 204 | I89: 204 | J89: 3 | K89: 1 | L89: Partial Service | M89: Gray | N89: SUV | O89: AWD | P89: 29 | Q89: IL | R89: 500
A90: Nissan | B90: Sentra | C90: 2023 | D90: Petrol | E90: Automatic | G90: 100 | H90: 173 | I90: 152 | J90: 1 | K90: 0 | L90: Partial Service | M90: Black | N90: Sedan | O90: FWD | P90: 32 | Q90: NY | R90: 18291
A91: Toyota | B91: Highlander | C91: 2016 | D91: Hybrid | E91: Automatic | F91: 3.1 | G91: 93988 | H91: 244 | I91: 214 | J91: 2 | K91: 0 | L91: Partial Service | N91: SUV | O91: AWD | P91: 46 | Q91: NC | R91: 12916
A92: BMW | B92: X3 | C92: 2017 | D92: Petrol | E92: Automatic | F92: 2.3 | G92: 56360 | H92: 171 | J92: 1 | M92: Green | N92: SUV | O92: AWD | P92: 31 | Q92: GA | R92: 23142
A93: Ford | B93: F-150 | C93: 2021 | D93: Petrol | E93: Automatic | F93: 5.6 | G93: 25307 | I93: 392 | J93: 1 | K93: 0 | M93: White | N93: Truck | O93: 4WD | Q93: CA | R93: 21569
A94: Audi | B94: Q5 | C94: 2017 | D94: Hybrid | F94: 2.5 | G94: 60105 | H94: 198 | I94: 180 | J94: 3 | K94: 1 | L94: Full Service | M94: White | N94: SUV | O94: RWD | P94: 46 | Q94: OH | R94: 18962
A95: Nissan | B95: Pathfinder | C95: 2019 | D95: Petrol | E95: Automatic | F95: 3.3 | G95: 33121 | H95: 258 | I95: 240 | J95: 3 | L95: Partial Service | N95: SUV | O95: AWD | Q95: GA | R95: 18004
A96: Mercedes-Benz | B96: GLE | C96: 2013 | D96: Diesel | E96: Automatic | F96: 2.9 | G96: 134561 | H96: 198 | I96: 194 | J96: 2 | K96: 1 | L96: Full Service | M96: Red | N96: SUV | O96: AWD | P96: 25 | Q96: MI | R96: 15701
A97: Nissan | B97: Rogue | C97: 2014 | D97: Petrol | E97: Automatic | F97: 2.5 | G97: 7455 | H97: 193 | I97: 184 | J97: 3 | K97: 0 | L97: Partial Service | M97: Blue | N97: SUV | O97: AWD | P97: 35 | R97: 10587
A98: Chevrolet | B98: Silverado | C98: 2019 | D98: Diesel | E98: Automatic | F98: 3.1 | G98: 58072 | I98: 230 | J98: 1 | K98: 1 | L98: No Service | M98: White | N98: Truck | O98: 4WD | P98: 25 | Q98: NY | R98: 13621
A99: Nissan | B99: Pathfinder | C99: 2017 | D99: Petrol | E99: Automatic | F99: 2.4 | G99: 81910 | I99: 174 | J99: 2 | K99: 1 | L99: Partial Service | M99: Brown | N99: SUV | O99: AWD | P99: 30 | Q99: FL | R99: 12225
A100: BMW | B100: X5 | C100: 2023 | D100: Petrol | E100: Automatic | F100: 2.7 | G100: 15617 | H100: 231 | I100: 225 | J100: 1 | K100: 0 | L100: Partial Service | M100: Black | N100: SUV | O100: AWD | P100: 31 | Q100: GA | R100: 52028
...

Sheet Data_Quality
A1: Column | B1: Missing Count | C1: Missing % | D1: Zero Count | E1: Median | F1: Treatment | G1: Outlier Check | H1: Analyst Note
A2: Transmission | B2: =COUNTBLANK(INDEX(automobile_dataset!$A$2:$R$5501,0,MATCH(A2,automobile_dataset!$A$1:$R$1,0))) -> 827 | C2: =B2/5500 -> 0.15036364 | D2: =COUNTIF(INDEX(automobile_dataset!$A$2:$R$5501,0,MATCH(A2,automobile_dataset!$A$1:$R$1,0)),0) -> 0 | E2: =IF(COUNT(INDEX(automobile_dataset!$A$2:$R$5501,0,MATCH(A2,automobile_dataset!$A$1:$R$1,0)))=0,"-",MEDIAN(INDEX(automobile_dataset!$A$2:$R$5501,0,MATCH(A2,automobile_dataset!$A$1:$R$1,0)))) -> - | F2: Use Unknown for missing categorical values | G2: Not checked | H2: Categorical field; missing values treated as Unknown
A3: Engine_Size | B3: =COUNTBLANK(INDEX(automobile_dataset!$A$2:$R$5501,0,MATCH(A3,automobile_dataset!$A$1:$R$1,0))) -> 844 | C3: =B3/5500 -> 0.15345455 | D3: =COUNTIF(INDEX(automobile_dataset!$A$2:$R$5501,0,MATCH(A3,automobile_dataset!$A$1:$R$1,0)),0) -> 127 | E3: =IF(COUNT(INDEX(automobile_dataset!$A$2:$R$5501,0,MATCH(A3,automobile_dataset!$A$1:$R$1,0)))=0,"-",MEDIAN(INDEX(automobile_dataset!$A$2:$R$5501,0,MATCH(A3,automobile_dataset!$A$1:$R$1,0)))) -> 2.4 | F3: Fill blanks with 2.4; keep 0 for EVs | G3: Checked | H3: 0 values correspond to EVs; retained as valid values
A4: Horsepower | B4: =COUNTBLANK(INDEX(automobile_dataset!$A$2:$R$5501,0,MATCH(A4,automobile_dataset!$A$1:$R$1,0))) -> 800 | C4: =B4/5500 -> 0.14545455 | D4: =COUNTIF(INDEX(automobile_dataset!$A$2:$R$5501,0,MATCH(A4,automobile_dataset!$A$1:$R$1,0)),0) -> 0 | E4: =IF(COUNT(INDEX(automobile_dataset!$A$2:$R$5501,0,MATCH(A4,automobile_dataset!$A$1:$R$1,0)))=0,"-",MEDIAN(INDEX(automobile_dataset!$A$2:$R$5501,0,MATCH(A4,automobile_dataset!$A$1:$R$1,0)))) -> 187 | F4: Fill blanks with 187 | G4: Checked | H4: 434 HP inspected; plausible high-performance value
A5: Torque | B5: =COUNTBLANK(INDEX(automobile_dataset!$A$2:$R$5501,0,MATCH(A5,automobile_dataset!$A$1:$R$1,0))) -> 799 | C5: =B5/5500 -> 0.14527273 | D5: =COUNTIF(INDEX(automobile_dataset!$A$2:$R$5501,0,MATCH(A5,automobile_dataset!$A$1:$R$1,0)),0) -> 0 | E5: =IF(COUNT(INDEX(automobile_dataset!$A$2:$R$5501,0,MATCH(A5,automobile_dataset!$A$1:$R$1,0)))=0,"-",MEDIAN(INDEX(automobile_dataset!$A$2:$R$5501,0,MATCH(A5,automobile_dataset!$A$1:$R$1,0)))) -> 178 | F5: Fill blanks with 178 | G5: Checked | H5: 443 torque inspected; retained as plausible high-performance value
A6: Accident_History | B6: =COUNTBLANK(INDEX(automobile_dataset!$A$2:$R$5501,0,MATCH(A6,automobile_dataset!$A$1:$R$1,0))) -> 812 | C6: =B6/5500 -> 0.14763636 | D6: =COUNTIF(INDEX(automobile_dataset!$A$2:$R$5501,0,MATCH(A6,automobile_dataset!$A$1:$R$1,0)),0) -> 2775 | E6: - | F6: Use Unknown for missing categorical values | G6: Not checked | H6: Categorical field; missing values treated as Unknown
A7: Service_History | B7: =COUNTBLANK(INDEX(automobile_dataset!$A$2:$R$5501,0,MATCH(A7,automobile_dataset!$A$1:$R$1,0))) -> 855 | C7: =B7/5500 -> 0.15545455 | D7: =COUNTIF(INDEX(automobile_dataset!$A$2:$R$5501,0,MATCH(A7,automobile_dataset!$A$1:$R$1,0)),0) -> 0 | E7: =IF(COUNT(INDEX(automobile_dataset!$A$2:$R$5501,0,MATCH(A7,automobile_dataset!$A$1:$R$1,0)))=0,"-",MEDIAN(INDEX(automobile_dataset!$A$2:$R$5501,0,MATCH(A7,automobile_dataset!$A$1:$R$1,0)))) -> - | F7: Use Unknown for missing categorical values | G7: Not checked | H7: Categorical field; missing values treated as Unknown
A8: Color | B8: =COUNTBLANK(INDEX(automobile_dataset!$A$2:$R$5501,0,MATCH(A8,automobile_dataset!$A$1:$R$1,0))) -> 803 | C8: =B8/5500 -> 0.146 | D8: =COUNTIF(INDEX(automobile_dataset!$A$2:$R$5501,0,MATCH(A8,automobile_dataset!$A$1:$R$1,0)),0) -> 0 | E8: =IF(COUNT(INDEX(automobile_dataset!$A$2:$R$5501,0,MATCH(A8,automobile_dataset!$A$1:$R$1,0)))=0,"-",MEDIAN(INDEX(automobile_dataset!$A$2:$R$5501,0,MATCH(A8,automobile_dataset!$A$1:$R$1,0)))) -> - | F8: Use Unknown for missing categorical values | G8: Not checked | H8: Categorical field; missing values treated as Unknown
A9: Fuel_Efficiency | B9: =COUNTBLANK(INDEX(automobile_dataset!$A$2:$R$5501,0,MATCH(A9,automobile_dataset!$A$1:$R$1,0))) -> 794 | C9: =B9/5500 -> 0.14436364 | D9: =COUNTIF(INDEX(automobile_dataset!$A$2:$R$5501,0,MATCH(A9,automobile_dataset!$A$1:$R$1,0)),0) -> 0 | E9: =IF(COUNT(INDEX(automobile_dataset!$A$2:$R$5501,0,MATCH(A9,automobile_dataset!$A$1:$R$1,0)))=0,"-",MEDIAN(INDEX(automobile_dataset!$A$2:$R$5501,0,MATCH(A9,automobile_dataset!$A$1:$R$1,0)))) -> 32 | F9: Fill blanks with median 32 | G9: Statistical outlier | H9: IQR range: 12–52. Values 10 and 141 are statistical outliers; retained after record-level review
A10: Location | B10: =COUNTBLANK(INDEX(automobile_dataset!$A$2:$R$5501,0,MATCH(A10,automobile_dataset!$A$1:$R$1,0))) -> 782 | C10: =B10/5500 -> 0.14218182 | D10: =COUNTIF(INDEX(automobile_dataset!$A$2:$R$5501,0,MATCH(A10,automobile_dataset!$A$1:$R$1,0)),0) -> 0 | E10: =IF(COUNT(INDEX(automobile_dataset!$A$2:$R$5501,0,MATCH(A10,automobile_dataset!$A$1:$R$1,0)))=0,"-",MEDIAN(INDEX(automobile_dataset!$A$2:$R$5501,0,MATCH(A10,automobile_dataset!$A$1:$R$1,0)))) -> - | F10: Use Unknown for missing categorical values | G10: Not checked | H10: Categorical field; missing values treated as Unknown
A11: Mileage | B11: =COUNTBLANK(INDEX(automobile_dataset!$A$2:$R$5501,0,MATCH(A11,automobile_dataset!$A$1:$R$1,0))) -> 0 | C11: =B11/5500 -> 0 | D11: =COUNTIF(INDEX(automobile_dataset!$A$2:$R$5501,0,MATCH(A11,automobile_dataset!$A$1:$R$1,0)),0) -> 0 | E11: =IF(COUNT(INDEX(automobile_dataset!$A$2:$R$5501,0,MATCH(A11,automobile_dataset!$A$1:$R$1,0)))=0,"-",MEDIAN(INDEX(automobile_dataset!$A$2:$R$5501,0,MATCH(A11,automobile_dataset!$A$1:$R$1,0)))) -> 96926.5 | F11: No missing treatment | G11: Potential extreme | H11: Max 536,731 km; retained pending analysis
A13: Fuel_Efficiency Outlier Check | D13: Mileage Outlier Check
A14: Metric | B14: Value | D14: Metric | E14: Value
A15: Q1 | B15: =_xlfn.QUARTILE.INC(automobile_dataset!$P$2:$P$5501,1) -> 27 | D15: Q1 | E15: 39112
A16: Q3 | B16: =_xlfn.QUARTILE.INC(automobile_dataset!$P$2:$P$5501,3) -> 37 | D16: Q3 | E16: 172757.5
A17: IQR | B17: =B16-B15 -> 10 | D17: IQR | E17: 133645.5
A18: Lower Limit | B18: =B15-(1.5*B17) -> 12 | D18: Lower Limit | E18: -161356.25
A19: Upper Limit | B19: =B16+(1.5*B17) -> 52 | D19: Upper Limit | E19: 373225.75
A20: Minimum Value | B20: =MIN(automobile_dataset!$P$2:$P$5501) -> 10 | D20: Minimum Value | E20: 100
A21: Maximum Value | B21: =MAX(automobile_dataset!$P$2:$P$5501) -> 141 | D21: Maximum Value | E21: 536731

Sheet Cleaned_Data
A1: Make | B1: Model | C1: Year | D1: Fuel_Type | E1: Transmission | F1: Engine_Size | G1: Mileage | H1: Horsepower | I1: Torque | J1: Owners | K1: Accident_History | L1: Service_History | M1: Color | N1: Body_Type | O1: Drivetrain | P1: Fuel_Efficiency | Q1: Location | R1: Selling_Price | S1: Mileage_Band
A2: Mercedes-Benz | B2: GLE | C2: 2024 | D2: Petrol | E2: Automatic | F2: 2.3 | G2: 100 | H2: 186 | I2: 196 | J2: 1 | K2: 0 | L2: Unknown | M2: Silver | N2: SUV | O2: AWD | P2: 30 | Q2: IL | R2: 64140 | S2: =IF(G2<=50000,"0-50K",IF(G2<=100000,"50K-100K",IF(G2<=150000,"100K-150K",IF(G2<=200000,"150K-200K","200K+")))) -> 0-50K
A3: Hyundai | B3: Tucson | C3: 2008 | D3: Petrol | E3: Automatic | F3: 2.3 | G3: 387035 | H3: 189 | I3: 190 | J3: 4 | K3: 0 | L3: Unknown | M3: Blue | N3: SUV | O3: FWD | P3: 35 | Q3: FL | R3: 500 | S3: =IF(G3<=50000,"0-50K",IF(G3<=100000,"50K-100K",IF(G3<=150000,"100K-150K",IF(G3<=200000,"150K-200K","200K+")))) -> 200K+
A4: Volkswagen | B4: Golf | C4: 2021 | D4: Hybrid | E4: Unknown | F4: 1.9 | G4: 46054 | H4: 158 | I4: 153 | J4: 1 | K4: 0 | L4: Partial Service | M4: Gray | N4: Hatchback | O4: AWD | P4: 43 | Q4: NY | R4: 16429 | S4: =IF(G4<=50000,"0-50K",IF(G4<=100000,"50K-100K",IF(G4<=150000,"100K-150K",IF(G4<=200000,"150K-200K","200K+")))) -> 0-50K
A5: Chevrolet | B5: Tahoe | C5: 2005 | D5: Petrol | E5: Unknown | F5: 2.2 | G5: 141302 | H5: 169 | I5: 165 | J5: 5 | K5: 1 | L5: No Service | M5: Blue | N5: SUV | O5: AWD | P5: 32 | Q5: FL | R5: 2199 | S5: =IF(G5<=50000,"0-50K",IF(G5<=100000,"50K-100K",IF(G5<=150000,"100K-150K",IF(G5<=200000,"150K-200K","200K+")))) -> 100K-150K
A6: Toyota | B6: Camry | C6: 2022 | D6: Petrol | E6: Automatic | F6: 1.9 | G6: 32813 | H6: 149 | I6: 141 | J6: 1 | K6: 0 | L6: Full Service | M6: Brown | N6: Sedan | O6: FWD | P6: 38 | Q6: CA | R6: 21792 | S6: =IF(G6<=50000,"0-50K",IF(G6<=100000,"50K-100K",IF(G6<=150000,"100K-150K",IF(G6<=200000,"150K-200K","200K+")))) -> 0-50K
A7: Chevrolet | B7: Equinox | C7: 2008 | D7: Petrol | E7: Unknown | F7: 2.7 | G7: 60654 | H7: 212 | I7: 207 | J7: 3 | K7: 0 | L7: Unknown | M7: Blue | N7: SUV | O7: AWD | P7: 25 | Q7: TX | R7: 3421 | S7: =IF(G7<=50000,"0-50K",IF(G7<=100000,"50K-100K",IF(G7<=150000,"100K-150K",IF(G7<=200000,"150K-200K","200K+")))) -> 50K-100K
A8: Nissan | B8: Sentra | C8: 2022 | D8: Petrol | E8: Automatic | F8: 2.2 | G8: 7444 | H8: 187 | I8: 180 | J8: 1 | K8: 0 | L8: Full Service | M8: Gray | N8: Sedan | O8: AWD | P8: 34 | Q8: IL | R8: 17145 | S8: =IF(G8<=50000,"0-50K",IF(G8<=100000,"50K-100K",IF(G8<=150000,"100K-150K",IF(G8<=200000,"150K-200K","200K+")))) -> 0-50K
A9: Mercedes-Benz | B9: C-Class | C9: 2022 | D9: Petrol | E9: Automatic | F9: 2.3 | G9: 32133 | H9: 180 | I9: 162 | J9: 1 | K9: 0 | L9: Partial Service | M9: Green | N9: Sedan | O9: FWD | P9: 35 | Q9: NY | R9: 31416 | S9: =IF(G9<=50000,"0-50K",IF(G9<=100000,"50K-100K",IF(G9<=150000,"100K-150K",IF(G9<=200000,"150K-200K","200K+")))) -> 0-50K
A10: BMW | B10: X3 | C10: 2023 | D10: Petrol | E10: Automatic | F10: 2.5 | G10: 1553 | H10: 203 | I10: 179 | J10: 1 | K10: 0 | L10: Full Service | M10: Unknown | N10: SUV | O10: AWD | P10: 25 | Q10: FL | R10: 43914 | S10: =IF(G10<=50000,"0-50K",IF(G10<=100000,"50K-100K",IF(G10<=150000,"100K-150K",IF(G10<=200000,"150K-200K","200K+")))) -> 0-50K
A11: Honda | B11: Pilot | C11: 2020 | D11: Hybrid | E11: Automatic | F11: 2.1 | G11: 12494 | H11: 178 | I11: 168 | J11: 1 | K11: Unknown | L11: No Service | M11: Blue | N11: SUV | O11: FWD | P11: 44 | Q11: NC | R11: 22311 | S11: =IF(G11<=50000,"0-50K",IF(G11<=100000,"50K-100K",IF(G11<=150000,"100K-150K",IF(G11<=200000,"150K-200K","200K+")))) -> 0-50K
A12: Hyundai | B12: Santa Fe | C12: 2014 | D12: Petrol | E12: Automatic | F12: 2.5 | G12: 176790 | H12: 178 | I12: 167 | J12: 2 | K12: 0 | L12: Unknown | M12: Red | N12: SUV | O12: RWD | P12: 33 | Q12: NY | R12: 4926 | S12: =IF(G12<=50000,"0-50K",IF(G12<=100000,"50K-100K",IF(G12<=150000,"100K-150K",IF(G12<=200000,"150K-200K","200K+")))) -> 150K-200K
A13: Volkswagen | B13: Passat | C13: 2010 | D13: Petrol | E13: Automatic | F13: 2.3 | G13: 147198 | H13: 187 | I13: 155 | J13: 3 | K13: 0 | L13: Partial Service | M13: Unknown | N13: Sedan | O13: FWD | P13: 32 | Q13: NC | R13: 1022 | S13: =IF(G13<=50000,"0-50K",IF(G13<=100000,"50K-100K",IF(G13<=150000,"100K-150K",IF(G13<=200000,"150K-200K","200K+")))) -> 100K-150K
A14: Toyota | B14: RAV4 | C14: 2019 | D14: Diesel | E14: Unknown | F14: 3.1 | G14: 66811 | H14: 233 | I14: 211 | J14: 1 | K14: 0 | L14: Partial Service | M14: Brown | N14: SUV | O14: AWD | P14: 25 | Q14: OH | R14: 14479 | S14: =IF(G14<=50000,"0-50K",IF(G14<=100000,"50K-100K",IF(G14<=150000,"100K-150K",IF(G14<=200000,"150K-200K","200K+")))) -> 50K-100K
A15: BMW | B15: X3 | C15: 2024 | D15: Electric | E15: Unknown | F15: 0 | G15: 4423 | H15: 187 | I15: 385 | J15: 1 | K15: 0 | L15: Unknown | M15: Red | N15: SUV | O15: AWD | P15: 130 | Q15: IL | R15: 49703 | S15: =IF(G15<=50000,"0-50K",IF(G15<=100000,"50K-100K",IF(G15<=150000,"100K-150K",IF(G15<=200000,"150K-200K","200K+")))) -> 0-50K
A16: Mercedes-Benz | B16: GLC | C16: 2009 | D16: Petrol | E16: Automatic | F16: 3.1 | G16: 163109 | H16: 227 | I16: 187 | J16: 4 | K16: 0 | L16: Full Service | M16: Gray | N16: SUV | O16: AWD | P16: 26 | Q16: CA | R16: 5235 | S16: =IF(G16<=50000,"0-50K",IF(G16<=100000,"50K-100K",IF(G16<=150000,"100K-150K",IF(G16<=200000,"150K-200K","200K+")))) -> 150K-200K
A17: Mercedes-Benz | B17: C-Class | C17: 2010 | D17: Petrol | E17: Manual | F17: 2 | G17: 17138 | H17: 169 | I17: 160 | J17: 3 | K17: 0 | L17: Partial Service | M17: Blue | N17: Sedan | O17: FWD | P17: 27 | Q17: NC | R17: 11728 | S17: =IF(G17<=50000,"0-50K",IF(G17<=100000,"50K-100K",IF(G17<=150000,"100K-150K",IF(G17<=200000,"150K-200K","200K+")))) -> 0-50K
A18: Hyundai | B18: Sonata | C18: 2020 | D18: Petrol | E18: Automatic | F18: 2.4 | G18: 61462 | H18: 179 | I18: 170 | J18: 2 | K18: 0 | L18: Partial Service | M18: Brown | N18: Sedan | O18: FWD | P18: 32 | Q18: CA | R18: 13555 | S18: =IF(G18<=50000,"0-50K",IF(G18<=100000,"50K-100K",IF(G18<=150000,"100K-150K",IF(G18<=200000,"150K-200K","200K+")))) -> 50K-100K
A19: Chevrolet | B19: Tahoe | C19: 2011 | D19: Petrol | E19: Automatic | F19: 3.3 | G19: 264441 | H19: 258 | I19: 252 | J19: 4 | K19: 0 | L19: Partial Service | M19: Gray | N19: SUV | O19: AWD | P19: 22 | Q19: TX | R19: 3395 | S19: =IF(G19<=50000,"0-50K",IF(G19<=100000,"50K-100K",IF(G19<=150000,"100K-150K",IF(G19<=200000,"150K-200K","200K+")))) -> 200K+
A20: Honda | B20: CR-V | C20: 2024 | D20: Petrol | E20: Unknown | F20: 3.4 | G20: 100 | H20: 271 | I20: 252 | J20: 1 | K20: 0 | L20: No Service | M20: Red | N20: SUV | O20: AWD | P20: 22 | Q20: Unknown | R20: 24018 | S20: =IF(G20<=50000,"0-50K",IF(G20<=100000,"50K-100K",IF(G20<=150000,"100K-150K",IF(G20<=200000,"150K-200K","200K+")))) -> 0-50K
A21: Mercedes-Benz | B21: E-Class | C21: 2016 | D21: Petrol | E21: Automatic | F21: 2.5 | G21: 53789 | H21: 172 | I21: 158 | J21: 1 | K21: 0 | L21: No Service | M21: Unknown | N21: Sedan | O21: AWD | P21: 29 | Q21: CA | R21: 23787 | S21: =IF(G21<=50000,"0-50K",IF(G21<=100000,"50K-100K",IF(G21<=150000,"100K-150K",IF(G21<=200000,"150K-200K","200K+")))) -> 50K-100K
A22: BMW | B22: 3 Series | C22: 2015 | D22: Diesel | E22: Automatic | F22: 2.5 | G22: 173833 | H22: 116 | I22: 116 | J22: 2 | K22: 1 | L22: Unknown | M22: Black | N22: Sedan | O22: FWD | P22: 35 | Q22: NC | R22: 10558 | S22: =IF(G22<=50000,"0-50K",IF(G22<=100000,"50K-100K",IF(G22<=150000,"100K-150K",IF(G22<=200000,"150K-200K","200K+")))) -> 150K-200K
A23: Audi | B23: Q7 | C23: 2016 | D23: Petrol | E23: Automatic | F23: 3.1 | G23: 111537 | H23: 243 | I23: 219 | J23: 2 | K23: 0 | L23: Partial Service | M23: Blue | N23: SUV | O23: AWD | P23: 21 | Q23: FL | R23: 23314 | S23: =IF(G23<=50000,"0-50K",IF(G23<=100000,"50K-100K",IF(G23<=150000,"100K-150K",IF(G23<=200000,"150K-200K","200K+")))) -> 100K-150K
... A26: Honda | B26: Accord | C26: 2021 | D26: Petrol | E26: Automatic | F26: 1.7 | G26: 60744 | H26: 137 | I26: 147 | J26: 1 | K26: 0 | L26: Full Service | M26: Blue | N26: Sedan | O26: FWD | P26: 32 | Q26: FL | R26: 16814 | S26: =IF(G26<=50000,"0-50K",IF(G26<=100000,"50K-100K",IF(G26<=150000,"100K-150K",IF(G26<=200000,"150K-200K","200K+")))) -> 50K-100K
A27: BMW | B27: 5 Series | C27: 2018 | D27: Petrol | E27: Automatic | F27: 2 | G27: 42807 | H27: 154 | I27: 148 | J27: 2 | K27: Unknown | L27: No Service | M27: Green | N27: Sedan | O27: FWD | P27: 41 | Q27: NC | R27: 31593 | S27: =IF(G27<=50000,"0-50K",IF(G27<=100000,"50K-100K",IF(G27<=150000,"100K-150K",IF(G27<=200000,"150K-200K","200K+")))) -> 0-50K
A28: BMW | B28: X5 | C28: 2013 | D28: Diesel | E28: Automatic | F28: 2.3 | G28: 261604 | H28: 181 | I28: 183 | J28: 2 | K28: 0 | L28: Full Service | M28: Silver | N28: SUV | O28: RWD | P28: 32 | Q28: FL | R28: 11240 | S28: =IF(G28<=50000,"0-50K",IF(G28<=100000,"50K-100K",IF(G28<=150000,"100K-150K",IF(G28<=200000,"150K-200K","200K+")))) -> 200K+
A29: Hyundai | B29: Sonata | C29: 2007 | D29: Petrol | E29: Manual | F29: 2.3 | G29: 188958 | H29: 170 | I29: 154 | J29: 2 | K29: 1 | L29: No Service | M29: Black | N29: Sedan | O29: FWD | P29: 32 | Q29: PA | R29: 500 | S29: =IF(G29<=50000,"0-50K",IF(G29<=100000,"50K-100K",IF(G29<=150000,"100K-150K",IF(G29<=200000,"150K-200K","200K+")))) -> 150K-200K
A30: Ford | B30: Mustang | C30: 2010 | D30: Diesel | E30: Automatic | F30: 3.1 | G30: 34292 | H30: 245 | I30: 238 | J30: 3 | K30: 1 | L30: Partial Service | M30: Brown | N30: Coupe | O30: RWD | P30: 23 | Q30: FL | R30: 5739 | S30: =IF(G30<=50000,"0-50K",IF(G30<=100000,"50K-100K",IF(G30<=150000,"100K-150K",IF(G30<=200000,"150K-200K","200K+")))) -> 0-50K
A31: Ford | B31: F-150 | C31: 2018 | D31: Petrol | E31: Automatic | F31: 4.6 | G31: 86124 | H31: 334 | I31: 317 | J31: 1 | K31: 0 | L31: No Service | M31: Unknown | N31: Truck | O31: RWD | P31: 15 | Q31: IL | R31: 13537 | S31: =IF(G31<=50000,"0-50K",IF(G31<=100000,"50K-100K",IF(G31<=150000,"100K-150K",IF(G31<=200000,"150K-200K","200K+")))) -> 50K-100K
A32: Volkswagen | B32: Tiguan | C32: 2005 | D32: Petrol | E32: Automatic | F32: 2.4 | G32: 292861 | H32: 178 | I32: 177 | J32: 3 | K32: 1 | L32: No Service | M32: Green | N32: SUV | O32: AWD | P32: 31 | Q32: Unknown | R32: 500 | S32: =IF(G32<=50000,"0-50K",IF(G32<=100000,"50K-100K",IF(G32<=150000,"100K-150K",IF(G32<=200000,"150K-200K","200K+")))) -> 200K+
A33: Toyota | B33: Camry | C33: 2021 | D33: Hybrid | E33: Automatic | F33: 2.5 | G33: 38991 | H33: 205 | I33: 207 | J33: 1 | K33: 0 | L33: Full Service | M33: Green | N33: Sedan | O33: AWD | P33: 43 | Q33: TX | R33: 18533 | S33: =IF(G33<=50000,"0-50K",IF(G33<=100000,"50K-100K",IF(G33<=150000,"100K-150K",IF(G33<=200000,"150K-200K","200K+")))) -> 0-50K
A34: Chevrolet | B34: Silverado | C34: 2006 | D34: Petrol | E34: Automatic | F34: 2.5 | G34: 342829 | H34: 399 | I34: 369 | J34: 5 | K34: 0 | L34: Full Service | M34: Green | N34: Truck | O34: RWD | P34: 10 | Q34: NY | R34: 500 | S34: =IF(G34<=50000,"0-50K",IF(G34<=100000,"50K-100K",IF(G34<=150000,"100K-150K",IF(G34<=200000,"150K-200K","200K+")))) -> 200K+
A35: Hyundai | B35: Santa Fe | C35: 2009 | D35: Petrol | E35: Automatic | F35: 3.2 | G35: 159873 | H35: 239 | I35: 219 | J35: 4 | K35: 1 | L35: No Service | M35: Brown | N35: SUV | O35: RWD | P35: 31 | Q35: NY | R35: 857 | S35: =IF(G35<=50000,"0-50K",IF(G35<=100000,"50K-100K",IF(G35<=150000,"100K-150K",IF(G35<=200000,"150K-200K","200K+")))) -> 150K-200K
A36: Audi | B36: Q5 | C36: 2019 | D36: Petrol | E36: Automatic | F36: 2.7 | G36: 104624 | H36: 215 | I36: 187 | J36: 1 | K36: Unknown | L36: Full Service | M36: Green | N36: SUV | O36: AWD | P36: 26 | Q36: GA | R36: 23357 | S36: =IF(G36<=50000,"0-50K",IF(G36<=100000,"50K-100K",IF(G36<=150000,"100K-150K",IF(G36<=200000,"150K-200K","200K+")))) -> 100K-150K
A37: Chevrolet | B37: Malibu | C37: 2018 | D37: Hybrid | E37: Automatic | F37: 1.8 | G37: 109872 | H37: 147 | I37: 143 | J37: 1 | K37: 0 | L37: No Service | M37: Gray | N37: Sedan | O37: FWD | P37: 35 | Q37: PA | R37: 7461 | S37: =IF(G37<=50000,"0-50K",IF(G37<=100000,"50K-100K",IF(G37<=150000,"100K-150K",IF(G37<=200000,"150K-200K","200K+")))) -> 100K-150K
A38: BMW | B38: X3 | C38: 2022 | D38: Petrol | E38: Automatic | F38: 2.5 | G38: 24031 | H38: 240 | I38: 220 | J38: 1 | K38: 0 | L38: No Service | M38: Unknown | N38: SUV | O38: AWD | P38: 27 | Q38: IL | R38: 33176 | S38: =IF(G38<=50000,"0-50K",IF(G38<=100000,"50K-100K",IF(G38<=150000,"100K-150K",IF(G38<=200000,"150K-200K","200K+")))) -> 0-50K
A39: Toyota | B39: Camry | C39: 2006 | D39: Petrol | E39: Manual | F39: 1.9 | G39: 26737 | H39: 164 | I39: 166 | J39: 4 | K39: 1 | L39: No Service | M39: Silver | N39: Sedan | O39: FWD | P39: 38 | Q39: OH | R39: 3239 | S39: =IF(G39<=50000,"0-50K",IF(G39<=100000,"50K-100K",IF(G39<=150000,"100K-150K",IF(G39<=200000,"150K-200K","200K+")))) -> 0-50K
A40: Toyota | B40: RAV4 | C40: 2010 | D40: Petrol | E40: Automatic | F40: 2.5 | G40: 96089 | H40: 209 | I40: 194 | J40: 3 | K40: 1 | L40: Full Service | M40: Gray | N40: SUV | O40: AWD | P40: 34 | Q40: OH | R40: 3400 | S40: =IF(G40<=50000,"0-50K",IF(G40<=100000,"50K-100K",IF(G40<=150000,"100K-150K",IF(G40<=200000,"150K-200K","200K+")))) -> 50K-100K
A41: Audi | B41: A4 | C41: 2021 | D41: Petrol | E41: Automatic | F41: 2.5 | G41: 34375 | H41: 201 | I41: 181 | J41: 1 | K41: 0 | L41: Unknown | M41: Gray | N41: Sedan | O41: FWD | P41: 30 | Q41: IL | R41: 31213 | S41: =IF(G41<=50000,"0-50K",IF(G41<=100000,"50K-100K",IF(G41<=150000,"100K-150K",IF(G41<=200000,"150K-200K","200K+")))) -> 0-50K
A42: Chevrolet | B42: Malibu | C42: 2013 | D42: Petrol | E42: Automatic | F42: 1.6 | G42: 144687 | H42: 149 | I42: 133 | J42: 3 | K42: 0 | L42: Partial Service | M42: Unknown | N42: Sedan | O42: FWD | P42: 34 | Q42: MI | R42: 1931 | S42: =IF(G42<=50000,"0-50K",IF(G42<=100000,"50K-100K",IF(G42<=150000,"100K-150K",IF(G42<=200000,"150K-200K","200K+")))) -> 100K-150K
A43: Honda | B43: Pilot | C43: 2013 | D43: Petrol | E43: Automatic | F43: 3.4 | G43: 146551 | H43: 274 | I43: 253 | J43: 5 | K43: 1 | L43: Full Service | M43: Unknown | N43: SUV | O43: AWD | P43: 21 | Q43: NC | R43: 5707 | S43: =IF(G43<=50000,"0-50K",IF(G43<=100000,"50K-100K",IF(G43<=150000,"100K-150K",IF(G43<=200000,"150K-200K","200K+")))) -> 100K-150K
A44: Nissan | B44: Rogue | C44: 2005 | D44: Petrol | E44: Automatic | F44: 2.5 | G44: 143335 | H44: 207 | I44: 200 | J44: 5 | K44: 1 | L44: Partial Service | M44: Green | N44: SUV | O44: AWD | P44: 35 | Q44: TX | R44: 500 | S44: =IF(G44<=50000,"0-50K",IF(G44<=100000,"50K-100K",IF(G44<=150000,"100K-150K",IF(G44<=200000,"150K-200K","200K+")))) -> 100K-150K
A45: Chevrolet | B45: Equinox | C45: 2013 | D45: Petrol | E45: Automatic | F45: 3.1 | G45: 87357 | H45: 250 | I45: 233 | J45: 3 | K45: 1 | L45: Partial Service | M45: Green | N45: SUV | O45: FWD | P45: 27 | Q45: TX | R45: 4880 | S45: =IF(G45<=50000,"0-50K",IF(G45<=100000,"50K-100K",IF(G45<=150000,"100K-150K",IF(G45<=200000,"150K-200K","200K+")))) -> 50K-100K
A46: Honda | B46: Civic | C46: 2020 | D46: Petrol | E46: Automatic | F46: 1.9 | G46: 39421 | H46: 154 | I46: 152 | J46: 1 | K46: 0 | L46: Partial Service | M46: Black | N46: Sedan | O46: AWD | P46: 32 | Q46: NC | R46: 12299 | S46: =IF(G46<=50000,"0-50K",IF(G46<=100000,"50K-100K",IF(G46<=150000,"100K-150K",IF(G46<=200000,"150K-200K","200K+")))) -> 0-50K
A47: Audi | B47: Q7 | C47: 2014 | D47: Petrol | E47: Automatic | F47: 3.4 | G47: 103494 | H47: 187 | I47: 255 | J47: 3 | K47: 0 | L47: Full Service | M47: Gray | N47: SUV | O47: AWD | P47: 25 | Q47: TX | R47: 20789 | S47: =IF(G47<=50000,"0-50K",IF(G47<=100000,"50K-100K",IF(G47<=150000,"100K-150K",IF(G47<=200000,"150K-200K","200K+")))) -> 100K-150K
A48: Honda | B48: Pilot | C48: 2010 | D48: Petrol | E48: Manual | F48: 2.2 | G48: 6131 | H48: 187 | I48: 145 | J48: 3 | K48: 1 | L48: Partial Service | M48: Silver | N48: SUV | O48: AWD | P48: 32 | Q48: Unknown | R48: 9249 | S48: =IF(G48<=50000,"0-50K",IF(G48<=100000,"50K-100K",IF(G48<=150000,"100K-150K",IF(G48<=200000,"150K-200K","200K+")))) -> 0-50K
... A58: Audi | B58: A6 | C58: 2016 | D58: Petrol | E58: Automatic | F58: 1.8 | G58: 88131 | H58: 146 | I58: 142 | J58: 1 | K58: 0 | L58: Partial Service | M58: Silver | N58: Sedan | O58: FWD | P58: 37 | Q58: PA | R58: 21730 | S58: =IF(G58<=50000,"0-50K",IF(G58<=100000,"50K-100K",IF(G58<=150000,"100K-150K",IF(G58<=200000,"150K-200K","200K+")))) -> 50K-100K
A59: Honda | B59: Pilot | C59: 2016 | D59: Diesel | E59: Automatic | F59: 3 | G59: 67402 | H59: 187 | I59: 214 | J59: 2 | K59: Unknown | L59: Full Service | M59: Red | N59: SUV | O59: AWD | P59: 29 | Q59: PA | R59: 14851 | S59: =IF(G59<=50000,"0-50K",IF(G59<=100000,"50K-100K",IF(G59<=150000,"100K-150K",IF(G59<=200000,"150K-200K","200K+")))) -> 50K-100K
A60: Nissan | B60: Pathfinder | C60: 2010 | D60: Petrol | E60: Automatic | F60: 3.3 | G60: 189935 | H60: 260 | I60: 249 | J60: 3 | K60: 0 | L60: Unknown | M60: Silver | N60: SUV | O60: AWD | P60: 25 | Q60: PA | R60: 1099 | S60: =IF(G60<=50000,"0-50K",IF(G60<=100000,"50K-100K",IF(G60<=150000,"100K-150K",IF(G60<=200000,"150K-200K","200K+")))) -> 150K-200K
A61: Ford | B61: Mustang | C61: 2007 | D61: Petrol | E61: Manual | F61: 2.5 | G61: 259008 | H61: 298 | I61: 297 | J61: 4 | K61: 0 | L61: Partial Service | M61: Unknown | N61: Coupe | O61: RWD | P61: 18 | Q61: PA | R61: 500 | S61: =IF(G61<=50000,"0-50K",IF(G61<=100000,"50K-100K",IF(G61<=150000,"100K-150K",IF(G61<=200000,"150K-200K","200K+")))) -> 200K+
A62: Hyundai | B62: Santa Fe | C62: 2005 | D62: Petrol | E62: Unknown | F62: 3.2 | G62: 139460 | H62: 225 | I62: 202 | J62: 3 | K62: 0 | L62: No Service | M62: Gray | N62: SUV | O62: RWD | P62: 23 | Q62: IL | R62: 500 | S62: =IF(G62<=50000,"0-50K",IF(G62<=100000,"50K-100K",IF(G62<=150000,"100K-150K",IF(G62<=200000,"150K-200K","200K+")))) -> 100K-150K
A63: Volkswagen | B63: Tiguan | C63: 2018 | D63: Hybrid | E63: Automatic | F63: 3.2 | G63: 140050 | H63: 232 | I63: 187 | J63: 1 | K63: 0 | L63: Partial Service | M63: Silver | N63: SUV | O63: AWD | P63: 37 | Q63: GA | R63: 10659 | S63: =IF(G63<=50000,"0-50K",IF(G63<=100000,"50K-100K",IF(G63<=150000,"100K-150K",IF(G63<=200000,"150K-200K","200K+")))) -> 100K-150K
A64: Volkswagen | B64: Passat | C64: 2021 | D64: Petrol | E64: Automatic | F64: 2.2 | G64: 40037 | H64: 166 | I64: 184 | J64: 1 | K64: 0 | L64: Full Service | M64: Brown | N64: Sedan | O64: FWD | P64: 28 | Q64: PA | R64: 20629 | S64: =IF(G64<=50000,"0-50K",IF(G64<=100000,"50K-100K",IF(G64<=150000,"100K-150K",IF(G64<=200000,"150K-200K","200K+")))) -> 0-50K
A65: Chevrolet | B65: Silverado | C65: 2008 | D65: Petrol | E65: Automatic | F65: 3.3 | G65: 27272 | H65: 187 | I65: 187 | J65: 3 | K65: 0 | L65: No Service | M65: Silver | N65: Truck | O65: RWD | P65: 29 | Q65: MI | R65: 7078 | S65: =IF(G65<=50000,"0-50K",IF(G65<=100000,"50K-100K",IF(G65<=150000,"100K-150K",IF(G65<=200000,"150K-200K","200K+")))) -> 0-50K
A66: Hyundai | B66: Tucson | C66: 2023 | D66: Petrol | E66: Automatic | F66: 3.3 | G66: 7872 | H66: 259 | I66: 238 | J66: 1 | K66: 0 | L66: Partial Service | M66: Blue | N66: SUV | O66: AWD | P66: 27 | Q66: IL | R66: 24584 | S66: =IF(G66<=50000,"0-50K",IF(G66<=100000,"50K-100K",IF(G66<=150000,"100K-150K",IF(G66<=200000,"150K-200K","200K+")))) -> 0-50K
A67: Audi | B67: A6 | C67: 2013 | D67: Diesel | E67: Automatic | F67: 2.3 | G67: 119978 | H67: 187 | I67: 167 | J67: 2 | K67: 1 | L67: Partial Service | M67: Unknown | N67: Sedan | O67: FWD | P67: 29 | Q67: MI | R67: 7128 | S67: =IF(G67<=50000,"0-50K",IF(G67<=100000,"50K-100K",IF(G67<=150000,"100K-150K",IF(G67<=200000,"150K-200K","200K+")))) -> 100K-150K
A68: Ford | B68: Escape | C68: 2021 | D68: Petrol | E68: Automatic | F68: 2.3 | G68: 35768 | H68: 182 | I68: 176 | J68: 1 | K68: 0 | L68: No Service | M68: Black | N68: SUV | O68: AWD | P68: 32 | Q68: GA | R68: 17115 | S68: =IF(G68<=50000,"0-50K",IF(G68<=100000,"50K-100K",IF(G68<=150000,"100K-150K",IF(G68<=200000,"150K-200K","200K+")))) -> 0-50K
A69: Mercedes-Benz | B69: C-Class | C69: 2008 | D69: Petrol | E69: Automatic | F69: 2.2 | G69: 194102 | H69: 187 | I69: 180 | J69: 5 | K69: 1 | L69: Unknown | M69: Black | N69: Sedan | O69: FWD | P69: 29 | Q69: OH | R69: 1363 | S69: =IF(G69<=50000,"0-50K",IF(G69<=100000,"50K-100K",IF(G69<=150000,"100K-150K",IF(G69<=200000,"150K-200K","200K+")))) -> 150K-200K
A70: BMW | B70: X3 | C70: 2014 | D70: Petrol | E70: Automatic | F70: 3.3 | G70: 19289 | H70: 264 | I70: 254 | J70: 3 | K70: 0 | L70: Partial Service | M70: Green | N70: SUV | O70: AWD | P70: 27 | Q70: TX | R70: 17912 | S70: =IF(G70<=50000,"0-50K",IF(G70<=100000,"50K-100K",IF(G70<=150000,"100K-150K",IF(G70<=200000,"150K-200K","200K+")))) -> 0-50K
A71: Volkswagen | B71: Atlas | C71: 2013 | D71: Petrol | E71: Automatic | F71: 2.7 | G71: 153835 | H71: 203 | I71: 197 | J71: 2 | K71: 0 | L71: No Service | M71: Black | N71: SUV | O71: AWD | P71: 26 | Q71: Unknown | R71: 5119 | S71: =IF(G71<=50000,"0-50K",IF(G71<=100000,"50K-100K",IF(G71<=150000,"100K-150K",IF(G71<=200000,"150K-200K","200K+")))) -> 150K-200K
A72: Nissan | B72: Rogue | C72: 2006 | D72: Petrol | E72: Manual | F72: 3.2 | G72: 165946 | H72: 253 | I72: 257 | J72: 4 | K72: 1 | L72: Full Service | M72: Blue | N72: SUV | O72: AWD | P72: 32 | Q72: CA | R72: 500 | S72: =IF(G72<=50000,"0-50K",IF(G72<=100000,"50K-100K",IF(G72<=150000,"100K-150K",IF(G72<=200000,"150K-200K","200K+")))) -> 150K-200K
A73: Mercedes-Benz | B73: C-Class | C73: 2005 | D73: Petrol | E73: Automatic | F73: 2.4 | G73: 11796 | H73: 197 | I73: 183 | J73: 5 | K73: Unknown | L73: Full Service | M73: White | N73: Sedan | O73: AWD | P73: 33 | Q73: MI | R73: 6976 | S73: =IF(G73<=50000,"0-50K",IF(G73<=100000,"50K-100K",IF(G73<=150000,"100K-150K",IF(G73<=200000,"150K-200K","200K+")))) -> 0-50K
A74: Toyota | B74: Camry | C74: 2010 | D74: Petrol | E74: Manual | F74: 2.5 | G74: 164444 | H74: 114 | I74: 99 | J74: 4 | K74: 1 | L74: Partial Service | M74: Unknown | N74: Sedan | O74: FWD | P74: 43 | Q74: GA | R74: 500 | S74: =IF(G74<=50000,"0-50K",IF(G74<=100000,"50K-100K",IF(G74<=150000,"100K-150K",IF(G74<=200000,"150K-200K","200K+")))) -> 150K-200K
A75: Volkswagen | B75: Atlas | C75: 2023 | D75: Petrol | E75: Automatic | F75: 2.5 | G75: 100 | H75: 262 | I75: 246 | J75: 1 | K75: 0 | L75: Unknown | M75: Black | N75: SUV | O75: FWD | P75: 32 | Q75: Unknown | R75: 31199 | S75: =IF(G75<=50000,"0-50K",IF(G75<=100000,"50K-100K",IF(G75<=150000,"100K-150K",IF(G75<=200000,"150K-200K","200K+")))) -> 0-50K
A76: Nissan | B76: Rogue | C76: 2024 | D76: Petrol | E76: Automatic | F76: 3 | G76: 100 | H76: 238 | I76: 200 | J76: 1 | K76: 0 | L76: Full Service | M76: Gray | N76: SUV | O76: AWD | P76: 27 | Q76: TX | R76: 27785 | S76: =IF(G76<=50000,"0-50K",IF(G76<=100000,"50K-100K",IF(G76<=150000,"100K-150K",IF(G76<=200000,"150K-200K","200K+")))) -> 0-50K
A77: Audi | B77: Q7 | C77: 2013 | D77: Petrol | E77: Automatic | F77: 2.4 | G77: 94209 | H77: 187 | I77: 187 | J77: 2 | K77: 1 | L77: Partial Service | M77: White | N77: SUV | O77: AWD | P77: 31 | Q77: MI | R77: 15829 | S77: =IF(G77<=50000,"0-50K",IF(G77<=100000,"50K-100K",IF(G77<=150000,"100K-150K",IF(G77<=200000,"150K-200K","200K+")))) -> 50K-100K
A78: Ford | B78: Escape | C78: 2020 | D78: Diesel | E78: Unknown | F78: 3.3 | G78: 51249 | H78: 235 | I78: 212 | J78: 2 | K78: 0 | L78: Full Service | M78: Black | N78: SUV | O78: AWD | P78: 29 | Q78: Unknown | R78: 15122 | S78: =IF(G78<=50000,"0-50K",IF(G78<=100000,"50K-100K",IF(G78<=150000,"100K-150K",IF(G78<=200000,"150K-200K","200K+")))) -> 50K-100K
A79: Hyundai | B79: Santa Fe | C79: 2009 | D79: Petrol | E79: Automatic | F79: 2.8 | G79: 104700 | H79: 187 | I79: 189 | J79: 4 | K79: 1 | L79: No Service | M79: Blue | N79: SUV | O79: AWD | P79: 32 | Q79: PA | R79: 2775 | S79: =IF(G79<=50000,"0-50K",IF(G79<=100000,"50K-100K",IF(G79<=150000,"100K-150K",IF(G79<=200000,"150K-200K","200K+")))) -> 100K-150K
A80: Hyundai | B80: Tucson | C80: 2014 | D80: Diesel | E80: Unknown | F80: 2.5 | G80: 109849 | H80: 187 | I80: 225 | J80: 2 | K80: 0 | L80: Partial Service | M80: Black | N80: SUV | O80: AWD | P80: 32 | Q80: MI | R80: 5469 | S80: =IF(G80<=50000,"0-50K",IF(G80<=100000,"50K-100K",IF(G80<=150000,"100K-150K",IF(G80<=200000,"150K-200K","200K+")))) -> 100K-150K
A81: Volkswagen | B81: Golf | C81: 2006 | D81: Petrol | E81: Manual | F81: 1.6 | G81: 130231 | H81: 140 | I81: 137 | J81: 3 | K81: 1 | L81: Full Service | M81: Blue | N81: Hatchback | O81: FWD | P81: 32 | Q81: CA | R81: 500 | S81: =IF(G81<=50000,"0-50K",IF(G81<=100000,"50K-100K",IF(G81<=150000,"100K-150K",IF(G81<=200000,"150K-200K","200K+")))) -> 100K-150K
A82: Nissan | B82: Altima | C82: 2023 | D82: Hybrid | E82: Automatic | F82: 1.8 | G82: 9898 | H82: 159 | I82: 158 | J82: 1 | K82: Unknown | L82: No Service | M82: Silver | N82: Sedan | O82: AWD | P82: 47 | Q82: Unknown | R82: 17647 | S82: =IF(G82<=50000,"0-50K",IF(G82<=100000,"50K-100K",IF(G82<=150000,"100K-150K",IF(G82<=200000,"150K-200K","200K+")))) -> 0-50K
A83: Audi | B83: A6 | C83: 2020 | D83: Petrol | E83: Automatic | F83: 1.5 | G83: 33019 | H83: 123 | I83: 187 | J83: 2 | K83: Unknown | L83: Unknown | M83: White | N83: Sedan | O83: AWD | P83: 39 | Q83: IL | R83: 37348 | S83: =IF(G83<=50000,"0-50K",IF(G83<=100000,"50K-100K",IF(G83<=150000,"100K-150K",IF(G83<=200000,"150K-200K","200K+")))) -> 0-50K
A84: Honda | B84: Civic | C84: 2022 | D84: Diesel | E84: Automatic | F84: 1.7 | G84: 38807 | H84: 187 | I84: 187 | J84: 1 | K84: 0 | L84: Partial Service | M84: Blue | N84: Sedan | O84: FWD | P84: 32 | Q84: OH | R84: 16623 | S84: =IF(G84<=50000,"0-50K",IF(G84<=100000,"50K-100K",IF(G84<=150000,"100K-150K",IF(G84<=200000,"150K-200K","200K+")))) -> 0-50K
A85: Hyundai | B85: Elantra | C85: 2009 | D85: Petrol | E85: Automatic | F85: 1.8 | G85: 280536 | H85: 137 | I85: 163 | J85: 3 | K85: 0 | L85: Partial Service | M85: Gray | N85: Sedan | O85: FWD | P85: 32 | Q85: NC | R85: 500 | S85: =IF(G85<=50000,"0-50K",IF(G85<=100000,"50K-100K",IF(G85<=150000,"100K-150K",IF(G85<=200000,"150K-200K","200K+")))) -> 200K+
A86: Volkswagen | B86: Golf | C86: 2011 | D86: Petrol | E86: Automatic | F86: 1.5 | G86: 166434 | H86: 105 | I86: 94 | J86: 2 | K86: 0 | L86: No Service | M86: Black | N86: Hatchback | O86: FWD | P86: 38 | Q86: CA | R86: 500 | S86: =IF(G86<=50000,"0-50K",IF(G86<=100000,"50K-100K",IF(G86<=150000,"100K-150K",IF(G86<=200000,"150K-200K","200K+")))) -> 150K-200K
A87: Ford | B87: Explorer | C87: 2010 | D87: Petrol | E87: Automatic | F87: 3 | G87: 215602 | H87: 228 | I87: 222 | J87: 2 | K87: 1 | L87: Full Service | M87: Black | N87: SUV | O87: AWD | P87: 34 | Q87: TX | R87: 500 | S87: =IF(G87<=50000,"0-50K",IF(G87<=100000,"50K-100K",IF(G87<=150000,"100K-150K",IF(G87<=200000,"150K-200K","200K+")))) -> 200K+
A88: Hyundai | B88: Sonata | C88: 2008 | D88: Petrol | E88: Unknown | F88: 2.5 | G88: 197898 | H88: 187 | I88: 133 | J88: 3 | K88: 0 | L88: Partial Service | M88: White | N88: Sedan | O88: AWD | P88: 32 | Q88: Unknown | R88: 500 | S88: =IF(G88<=50000,"0-50K",IF(G88<=100000,"50K-100K",IF(G88<=150000,"100K-150K",IF(G88<=200000,"150K-200K","200K+")))) -> 150K-200K
A89: Ford | B89: Escape | C89: 2011 | D89: Petrol | E89: Manual | F89: 2.5 | G89: 179603 | H89: 204 | I89: 204 | J89: 3 | K89: 1 | L89: Partial Service | M89: Gray | N89: SUV | O89: AWD | P89: 29 | Q89: IL | R89: 500 | S89: =IF(G89<=50000,"0-50K",IF(G89<=100000,"50K-100K",IF(G89<=150000,"100K-150K",IF(G89<=200000,"150K-200K","200K+")))) -> 150K-200K
A90: Nissan | B90: Sentra | C90: 2023 | D90: Petrol | E90: Automatic | F90: 2.5 | G90: 100 | H90: 173 | I90: 152 | J90: 1 | K90: 0 | L90: Partial Service | M90: Black | N90: Sedan | O90: FWD | P90: 32 | Q90: NY | R90: 18291 | S90: =IF(G90<=50000,"0-50K",IF(G90<=100000,"50K-100K",IF(G90<=150000,"100K-150K",IF(G90<=200000,"150K-200K","200K+")))) -> 0-50K
A91: Toyota | B91: Highlander | C91: 2016 | D91: Hybrid | E91: Automatic | F91: 3.1 | G91: 93988 | H91: 244 | I91: 214 | J91: 2 | K91: 0 | L91: Partial Service | M91: Unknown | N91: SUV | O91: AWD | P91: 46 | Q91: NC | R91: 12916 | S91: =IF(G91<=50000,"0-50K",IF(G91<=100000,"50K-100K",IF(G91<=150000,"100K-150K",IF(G91<=200000,"150K-200K","200K+")))) -> 50K-100K
A92: BMW | B92: X3 | C92: 2017 | D92: Petrol | E92: Automatic | F92: 2.3 | G92: 56360 | H92: 171 | I92: 187 | J92: 1 | K92: Unknown | L92: Unknown | M92: Green | N92: SUV | O92: AWD | P92: 31 | Q92: GA | R92: 23142 | S92: =IF(G92<=50000,"0-50K",IF(G92<=100000,"50K-100K",IF(G92<=150000,"100K-150K",IF(G92<=200000,"150K-200K","200K+")))) -> 50K-100K
A93: Ford | B93: F-150 | C93: 2021 | D93: Petrol | E93: Automatic | F93: 5.6 | G93: 25307 | H93: 187 | I93: 392 | J93: 1 | K93: 0 | L93: Unknown | M93: White | N93: Truck | O93: 4WD | P93: 32 | Q93: CA | R93: 21569 | S93: =IF(G93<=50000,"0-50K",IF(G93<=100000,"50K-100K",IF(G93<=150000,"100K-150K",IF(G93<=200000,"150K-200K","200K+")))) -> 0-50K
A94: Audi | B94: Q5 | C94: 2017 | D94: Hybrid | E94: Unknown | F94: 2.5 | G94: 60105 | H94: 198 | I94: 180 | J94: 3 | K94: 1 | L94: Full Service | M94: White | N94: SUV | O94: RWD | P94: 46 | Q94: OH | R94: 18962 | S94: =IF(G94<=50000,"0-50K",IF(G94<=100000,"50K-100K",IF(G94<=150000,"100K-150K",IF(G94<=200000,"150K-200K","200K+")))) -> 50K-100K
A95: Nissan | B95: Pathfinder | C95: 2019 | D95: Petrol | E95: Automatic | F95: 3.3 | G95: 33121 | H95: 258 | I95: 240 | J95: 3 | K95: Unknown | L95: Partial Service | M95: Unknown | N95: SUV | O95: AWD | P95: 32 | Q95: GA | R95: 18004 | S95: =IF(G95<=50000,"0-50K",IF(G95<=100000,"50K-100K",IF(G95<=150000,"100K-150K",IF(G95<=200000,"150K-200K","200K+")))) -> 0-50K
A96: Mercedes-Benz | B96: GLE | C96: 2013 | D96: Diesel | E96: Automatic | F96: 2.9 | G96: 134561 | H96: 198 | I96: 194 | J96: 2 | K96: 1 | L96: Full Service | M96: Red | N96: SUV | O96: AWD | P96: 25 | Q96: MI | R96: 15701 | S96: =IF(G96<=50000,"0-50K",IF(G96<=100000,"50K-100K",IF(G96<=150000,"100K-150K",IF(G96<=200000,"150K-200K","200K+")))) -> 100K-150K
A97: Nissan | B97: Rogue | C97: 2014 | D97: Petrol | E97: Automatic | F97: 2.5 | G97: 7455 | H97: 193 | I97: 184 | J97: 3 | K97: 0 | L97: Partial Service | M97: Blue | N97: SUV | O97: AWD | P97: 35 | Q97: Unknown | R97: 10587 | S97: =IF(G97<=50000,"0-50K",IF(G97<=100000,"50K-100K",IF(G97<=150000,"100K-150K",IF(G97<=200000,"150K-200K","200K+")))) -> 0-50K
A98: Chevrolet | B98: Silverado | C98: 2019 | D98: Diesel | E98: Automatic | F98: 3.1 | G98: 58072 | H98: 187 | I98: 230 | J98: 1 | K98: 1 | L98: No Service | M98: White | N98: Truck | O98: 4WD | P98: 25 | Q98: NY | R98: 13621 | S98: =IF(G98<=50000,"0-50K",IF(G98<=100000,"50K-100K",IF(G98<=150000,"100K-150K",IF(G98<=200000,"150K-200K","200K+")))) -> 50K-100K
A99: Nissan | B99: Pathfinder | C99: 2017 | D99: Petrol | E99: Automatic | F99: 2.4 | G99: 81910 | H99: 187 | I99: 174 | J99: 2 | K99: 1 | L99: Partial Service | M99: Brown | N99: SUV | O99: AWD | P99: 30 | Q99: FL | R99: 12225 | S99: =IF(G99<=50000,"0-50K",IF(G99<=100000,"50K-100K",IF(G99<=150000,"100K-150K",IF(G99<=200000,"150K-200K","200K+")))) -> 50K-100K
A100: BMW | B100: X5 | C100: 2023 | D100: Petrol | E100: Automatic | F100: 2.7 | G100: 15617 | H100: 231 | I100: 225 | J100: 1 | K100: 0 | L100: Partial Service | M100: Black | N100: SUV | O100: AWD | P100: 31 | Q100: GA | R100: 52028 | S100: =IF(G100<=50000,"0-50K",IF(G100<=100000,"50K-100K",IF(G100<=150000,"100K-150K",IF(G100<=200000,"150K-200K","200K+")))) -> 0-50K
A101: Hyundai | B101: Elantra | C101: 2006 | D101: Petrol | E101: Automatic | F101: 1.8 | G101: 223278 | H101: 129 | I101: 187 | J101: 4 | K101: 1 | L101: Full Service | M101: Blue | N101: Sedan | O101: FWD | P101: 39 | Q101: Unknown | R101: 500 | S101: =IF(G101<=50000,"0-50K",IF(G101<=100000,"50K-100K",IF(G101<=150000,"100K-150K",IF(G101<=200000,"150K-200K","200K+")))) -> 200K+
A102: Audi | B102: A6 | C102: 2022 | D102: Petrol | E102: Unknown | F102: 1.8 | G102: 15384 | H102: 187 | I102: 156 | J102: 1 | K102: 0 | L102: Full Service | M102: Red | N102: Sedan | O102: FWD | P102: 41 | Q102: NC | R102: 48964 | S102: =IF(G102<=50000,"0-50K",IF(G102<=100000,"50K-100K",IF(G102<=150000,"100K-150K",IF(G102<=200000,"150K-200K","200K+")))) -> 0-50K
A103: Audi | B103: A6 | C103: 2016 | D103: Diesel | E103: Automatic | F103: 2.4 | G103: 75636 | H103: 172 | I103: 170 | J103: 2 | K103: 0 | L103: No Service | M103: Silver | N103: Sedan | O103: FWD | P103: 33 | Q103: Unknown | R103: 21696 | S103: =IF(G103<=50000,"0-50K",IF(G103<=100000,"50K-100K",IF(G103<=150000,"100K-150K",IF(G103<=200000,"150K-200K","200K+")))) -> 50K-100K
A104: Chevrolet | B104: Malibu | C104: 2022 | D104: Petrol | E104: Automatic | F104: 2.5 | G104: 4208 | H104: 185 | I104: 184 | J104: 1 | K104: 0 | L104: No Service | M104: Silver | N104: Sedan | O104: FWD | P104: 33 | Q104: Unknown | R104: 17487 | S104: =IF(G104<=50000,"0-50K",IF(G104<=100000,"50K-100K",IF(G104<=150000,"100K-150K",IF(G104<=200000,"150K-200K","200K+")))) -> 0-50K
A105: Volkswagen | B105: Golf | C105: 2015 | D105: Hybrid | E105: Unknown | F105: 1.4 | G105: 153975 | H105: 135 | I105: 117 | J105: 2 | K105: 0 | L105: Partial Service | M105: Unknown | N105: Hatchback | O105: AWD | P105: 60 | Q105: GA | R105: 3221 | S105: =IF(G105<=50000,"0-50K",IF(G105<=100000,"50K-100K",IF(G105<=150000,"100K-150K",IF(G105<=200000,"150K-200K","200K+")))) -> 150K-200K
A106: Nissan | B106: Rogue | C106: 2009 | D106: Petrol | E106: Unknown | F106: 2.9 | G106: 53365 | H106: 239 | I106: 236 | J106: 3 | K106: 0 | L106: No Service | M106: White | N106: SUV | O106: FWD | P106: 26 | Q106: PA | R106: 4540 | S106: =IF(G106<=50000,"0-50K",IF(G106<=100000,"50K-100K",IF(G106<=150000,"100K-150K",IF(G106<=200000,"150K-200K","200K+")))) -> 50K-100K
A107: BMW | B107: X5 | C107: 2011 | D107: Petrol | E107: Automatic | F107: 3.4 | G107: 126630 | H107: 272 | I107: 247 | J107: 3 | K107: 1 | L107: Partial Service | M107: Red | N107: SUV | O107: AWD | P107: 19 | Q107: OH | R107: 11295 | S107: =IF(G107<=50000,"0-50K",IF(G107<=100000,"50K-100K",IF(G107<=150000,"100K-150K",IF(G107<=200000,"150K-200K","200K+")))) -> 100K-150K
A108: Chevrolet | B108: Silverado | C108: 2011 | D108: Petrol | E108: Manual | F108: 2.5 | G108: 106621 | H108: 253 | I108: 226 | J108: 4 | K108: 1 | L108: Partial Service | M108: Gray | N108: Truck | O108: 4WD | P108: 32 | Q108: PA | R108: 5233 | S108: =IF(G108<=50000,"0-50K",IF(G108<=100000,"50K-100K",IF(G108<=150000,"100K-150K",IF(G108<=200000,"150K-200K","200K+")))) -> 100K-150K
A109: Chevrolet | B109: Equinox | C109: 2018 | D109: Petrol | E109: Automatic | F109: 3.4 | G109: 143441 | H109: 262 | I109: 231 | J109: 1 | K109: Unknown | L109: Full Service | M109: Blue | N109: SUV | O109: AWD | P109: 25 | Q109: TX | R109: 7429 | S109: =IF(G109<=50000,"0-50K",IF(G109<=100000,"50K-100K",IF(G109<=150000,"100K-150K",IF(G109<=200000,"150K-200K","200K+")))) -> 100K-150K
A110: Honda | B110: Civic | C110: 2023 | D110: Petrol | E110: Automatic | F110: 2 | G110: 30707 | H110: 179 | I110: 162 | J110: 1 | K110: 0 | L110: Partial Service | M110: Unknown | N110: Sedan | O110: FWD | P110: 28 | Q110: TX | R110: 16462 | S110: =IF(G110<=50000,"0-50K",IF(G110<=100000,"50K-100K",IF(G110<=150000,"100K-150K",IF(G110<=200000,"150K-200K","200K+")))) -> 0-50K
A111: Mercedes-Benz | B111: E-Class | C111: 2016 | D111: Petrol | E111: Unknown | F111: 2.3 | G111: 126746 | H111: 177 | I111: 180 | J111: 2 | K111: Unknown | L111: Partial Service | M111: Brown | N111: Sedan | O111: FWD | P111: 33 | Q111: OH | R111: 17244 | S111: =IF(G111<=50000,"0-50K",IF(G111<=100000,"50K-100K",IF(G111<=150000,"100K-150K",IF(G111<=200000,"150K-200K","200K+")))) -> 100K-150K
...

Sheet EDA
A1: Selling Price Overview | E1: Fuel Type Analysis | H1: Year Analysis | K1: Body Type Analysis
A2: Metric | B2: Value | C2: Interpretation | E2: Fuel_Type | F2: Average Selling_Price | H2: Year | I2: Average Selling_Price | K2: Body_Type | L2: Average Selling_Price
A3: Mean Selling Price | B3: =AVERAGE(Cleaned_Data!R2:R5501) -> 12319.874 | C3: Average selling price | E3: Petrol | F3: 11394.321 | H3: 2005 | I3: 883.25979 | K3: Hatchback | L3: 6569.4419
A4: Median Selling Price | B4: =MEDIAN(Cleaned_Data!R2:R5501) -> 8586 | C4: Typical middle value | E4: Diesel | F4: 13202.16 | H4: 2006 | I4: 1241.4081 | K4: Coupe | L4: 8696.9329
A5: Minimum Selling Price | B5: =MIN(Cleaned_Data!R2:R5501) -> 500 | C5: Lowest price | E5: Hybrid | F5: 16284.367 | H5: 2007 | I5: 1414.69 | K5: Sedan | L5: 11297.241
A6: Maximum Selling Price | B6: =MAX(Cleaned_Data!R2:R5501) -> 86692 | C6: Highest price | E6: Electric | F6: 21521.662 | H6: 2008 | I6: 2059.5254 | K6: Truck | L6: 12572.312
E7: Grand Total | F7: 12319.874 | H7: 2009 | I7: 2482.242 | K7: SUV | L7: 13615.431
A8: Brand Analysis | H8: 2010 | I8: 3470.721 | K8: Grand Total | L8: 12319.874
A9: Make | B9: Average Selling_Price | E9: Transmission Analysis | H9: 2011 | I9: 3990
A10: Mercedes-Benz | B10: 20482.828 | E10: Transmission | F10: Average Selling_Price | H10: 2012 | I10: 5492.6376 | K10: Accident History Analysis
A11: BMW | B11: 19459.025 | E11: Automatic | F11: 13555.223 | H11: 2013 | I11: 6586.1095 | K11: Accident_History | L11: Average Selling_Price
A12: Audi | B12: 19326.273 | E12: Manual | F12: 2895.0829 | H12: 2014 | I12: 8432.9853 | K12: 0 | L12: 16337.674
A13: Chevrolet | B13: 11579.743 | E13: Unknown | F13: 12184.137 | H13: 2015 | I13: 10195.007 | K13: Unknown | L13: 12770.081
A14: Ford | B14: 10084.565 | E14: Grand Total | F14: 12319.874 | H14: 2016 | I14: 11819.037 | K14: 1 | L14: 6300.551
A15: Honda | B15: 9460.481 | H15: 2017 | I15: 13669.498 | K15: Grand Total | L15: 12319.874
A16: Volkswagen | B16: 9327.1125 | E16: Mileage Analysis | H16: 2018 | I16: 15322.559
A17: Toyota | B17: 8589.2655 | E17: Mileage_Band | F17: Average Selling_Price | H17: 2019 | I17: 18645.444 | K17: Owners Analysis
A18: Nissan | B18: 8240.3801 | E18: 0-50K | F18: 25057.329 | H18: 2020 | I18: 21370.216 | K18: Owners | L18: Average Selling_Price
A19: Hyundai | B19: 7725.3074 | E19: 50K-100K | F19: 13271.587 | H19: 2021 | I19: 24434.942 | K19: 1 | L19: 25009.003
A20: Grand Total | B20: 12319.874 | E20: 100K-150K | F20: 7477.61 | H20: 2022 | I20: 28529.004 | K20: 2 | L20: 11096.643
E21: 150K-200K | F21: 3389.5277 | H21: 2023 | I21: 30551.872 | K21: 3 | L21: 6162.2446
E22: 200K+ | F22: 1176.1944 | H22: 2024 | I22: 35423.806 | K22: 4 | L22: 2988.1611
E23: Grand Total | F23: 12319.874 | H23: Grand Total | I23: 12319.874 | K23: 5 | L23: 1647.813
K24: Grand Total | L24: 12319.874

Sheet Charts
A16: Mercedes-Benz has the highest average selling price, while Hyundai has the lowest. | I16: Automatic vehicles have a much higher average selling price than Manual vehicles. | Q16: Average selling price decreases sharply as mileage increases.
A32: Electric vehicles have the highest average selling price, followed by Hybrid vehicles.
I33: Average selling price shows a strong upward trend for newer model years. | Q33: SUVs have the highest average selling price, while Hatchbacks have the lowest.
A50: Vehicles with no recorded accidents have a higher average selling price than accident-recorded vehicles. | N50: Average selling price declines substantially as the number of previous owners increases.
